{"cameraMode":{"drawMode":0,"name":"Shaded","section":"Shading Mode"},"sceneLighting":true,"audioPlay":false,"sceneViewState":{"m_AlwaysRefresh":false,"showFog":true,"showSkybox":true,"showFlares":true,"showImageEffects":true,"showParticleSystems":true,"showVisualEffectGraphs":true,"m_FxEnabled":true},"in2DMode":false,"pivot":{"x":-0.41426923871040347,"y":2.3446619510650636,"z":0.24295270442962647},"rotation":{"x":-0.06524766236543656,"y":-0.920016348361969,"z":0.345046728849411,"w":-0.17397534847259522},"size":2.694488763809204,"orthographic":false}