{"cameraMode":{"drawMode":0,"name":"Shaded","section":"Shading Mode"},"sceneLighting":true,"audioPlay":false,"sceneViewState":{"m_AlwaysRefresh":false,"showFog":true,"showSkybox":true,"showFlares":true,"showImageEffects":true,"showParticleSystems":true,"showVisualEffectGraphs":true,"m_FxEnabled":true},"in2DMode":false,"pivot":{"x":3.0329995155334474,"y":3.854682445526123,"z":2.8446428775787355},"rotation":{"x":0.09139392524957657,"y":-0.875279426574707,"z":0.18244542181491853,"w":0.43846118450164797},"size":19.62407112121582,"orthographic":true}