{"cameraMode":{"drawMode":0,"name":"Shaded","section":"Shading Mode"},"sceneLighting":true,"audioPlay":false,"sceneViewState":{"m_AlwaysRefresh":false,"showFog":false,"showSkybox":true,"showFlares":true,"showImageEffects":true,"showParticleSystems":true,"showVisualEffectGraphs":true,"m_FxEnabled":true},"in2DMode":false,"pivot":{"x":362.2825012207031,"y":185.30514526367188,"z":141.11093139648438},"rotation":{"x":0.03118382766842842,"y":-0.01139564998447895,"z":-0.0003561733174137771,"w":-0.9994621276855469},"size":216.93490600585938,"orthographic":false}