{"cameraMode":{"drawMode":0,"name":"Shaded","section":"Shading Mode"},"sceneLighting":true,"audioPlay":false,"sceneViewState":{"m_AlwaysRefresh":false,"showFog":false,"showSkybox":true,"showFlares":true,"showImageEffects":true,"showParticleSystems":true,"showVisualEffectGraphs":true,"m_FxEnabled":true},"in2DMode":false,"pivot":{"x":320.4741516113281,"y":228.26214599609376,"z":267.4204406738281},"rotation":{"x":0.007190274074673653,"y":0.008098505437374115,"z":0.000057643283071229234,"w":-0.9999547600746155},"size":279.6568603515625,"orthographic":false}