{"cameraMode":{"drawMode":0,"name":"Shaded","section":"Shading Mode"},"sceneLighting":true,"audioPlay":false,"sceneViewState":{"m_AlwaysRefresh":false,"showFog":true,"showSkybox":true,"showFlares":true,"showImageEffects":true,"showParticleSystems":true,"showVisualEffectGraphs":true,"m_FxEnabled":true},"in2DMode":false,"pivot":{"x":1.3036490678787232,"y":1.1291916370391846,"z":3.3604745864868166},"rotation":{"x":0.03062243014574051,"y":-0.6722376346588135,"z":0.027840515598654748,"w":0.7391864061355591},"size":2.1073949337005617,"orthographic":false}