{"cameraMode":{"drawMode":0,"name":"Shaded","section":"Shading Mode"},"sceneLighting":false,"audioPlay":false,"sceneViewState":{"m_AlwaysRefresh":false,"showFog":true,"showSkybox":false,"showFlares":true,"showImageEffects":true,"showParticleSystems":true,"showVisualEffectGraphs":true,"m_FxEnabled":true},"in2DMode":false,"pivot":{"x":1.3187355995178223,"y":1.6683461666107178,"z":3.295158863067627},"rotation":{"x":-0.10014267265796662,"y":0.7461098432540894,"z":-0.11529023945331574,"w":-0.6480774879455566},"size":2.1060214042663576,"orthographic":true}